concept_id	encounter_type/s	concept_name_first	concept_names_all	datatype	class	value_boolean	value_coded	value_coded_name_first	value_coded_names_all	value_drug	value_datetime	value_numeric	value_modifier	value_text	value_complex
concept_id	encounter_type/s	concept_name_first	concept_names_all	datatype	class	value_boolean	value_coded	value_coded_name_first	value_coded_names_all	value_drug	value_datetime	value_numeric	value_modifier	value_text	value_complex
3289	REGISTRATION	Type of patient	Type of patient	Coded	Question	NULL	7572,9684	External consultation,New patient	External consultation,New patient	NULL	NULL	NULL	NULL	NULL	NULL
6784	REGISTRATION	Appointment reason	Appointment reason,Appointment type	Coded	Question	NULL	NULL	NULL	NULL	NULL	NULL	NULL	NULL	Exact - excluding hanging pills	NULL
1484	VITALS	Treatment status	Treatment status,TX status	N/A	Workflow	NULL	NULL	NULL	NULL	NULL	NULL	NULL	NULL	BP Drugs started,Not on BP Drugs	NULL
1822	VITALS	W-H % median	W-H % median,Weight for height percent of median,WT for HT	Numeric	Question	NULL	NULL	NULL	NULL	NULL	NULL	NULL		114,149,159,45,86,902,92,NaN	NULL
2137	VITALS	BMI	BMI,Body mass index, measured	Numeric	Question	NULL	NULL	NULL	NULL	NULL	NULL	0,6.7,9.1,12.3,12.6,13.5,13.8,14.2,14.6,14.7,14.9,15,15.1,15.2,15.3,15.4,15.5,15.6,15.7,15.8,15.9,16,16.1,16.2,16.3,16.4,16.5,16.6,16.7,16.8,16.9,17,17.1,17.2,17.3,17.4,17.5,17.6,17.7,17.8,17.9,18,18.1,18.2,18.3,18.4,18.5,18.6,18.7,18.8,18.9,19,19.1,19.2,19.3,19.4,19.5,19.6,19.7,19.8,19.9,20,20.1,20.2,20.3,20.4,20.5,20.6,20.7,20.8,20.9,21,21.1,21.2,21.3,21.4,21.5,21.6,21.7,21.8,21.9,22,22.1,22.2,22.3,22.4,22.5,22.6,22.7,22.8,22.9,23,23.1,23.2,23.3,23.4,23.5,23.6,23.7,23.8,23.9,24,24.1,24.2,24.3,24.4,24.5,24.6,24.7,24.8,24.9,25,25.1,25.2,25.3,25.4,25.5,25.6,25.7,25.8,25.9,26,26.1,26.2,26.3,26.4,26.5,26.6,26.7,26.8,26.9,27,27.1,27.2,27.3,27.4,27.5,27.6,27.7,27.8,27.9,28,28.1,28.2,28.3,28.4,28.5,28.6,28.7,28.8,28.9,29,29.1,29.2,29.3,29.4,29.5,29.6,29.7,29.8,29.9,30,30.1,30.2,30.3,30.4,30.5,30.6,30.7,30.8,30.9,31,31.1,31.2,31.3,31.4,31.5,31.6,31.7,31.8,31.9,32,32.1,32.2,32.3,32.4,32.5,32.6,32.7,32.8,32.9,33,33.1,33.2,33.3,33.4,33.5,33.6,33.7,33.8,33.9,34,34.1,34.2,34.3,34.4,34.5,34.6,34.7,34.8,34.9,35,35.1,35.2,3		,NaN	NULL
5085	VITALS	SBP	SBP,Systolic,Systolic blood pressure,TA	Numeric	Test	NULL	NULL	NULL	NULL	NULL	NULL	42,76,81,82,84,85,86,87,88,89,90,91,92,93,94,95,96,97,98,99,100,101,102,103,104,105,106,107,108,109,110,111,112,113,114,115,116,117,118,119,120,121,122,123,124,125,126,127,128,129,130,131,132,133,134,135,136,137,138,139,140,141,142,143,144,145,146,147,148,149,150,151,152,153,154,155,156,157,158,159,160,161,162,163,164,165,166,167,168,169,170,171,172,173,174,175,176,177,178,179,180,181,182,183,184,185,186,187,188,189,190,191,192,193,194,195,198,200,201,202,203,204,205,206,209,212,216,218,222,227,231,232,245,253,1227	NULL	NULL	NULL
5086	VITALS	DBP	DBP,Diastolic,Diastolic blood pressure	Numeric	Test	NULL	NULL	NULL	NULL	NULL	NULL	34,38,44,46,47,49,50,51,52,53,54,55,56,57,58,59,60,61,62,63,64,65,66,67,68,69,70,71,72,73,74,75,76,77,78,79,80,81,82,83,84,85,86,87,88,89,90,91,92,93,94,95,96,97,98,99,100,101,102,103,104,105,106,107,108,109,110,111,112,114,115,116,117,118,119,120,121,122,124,125,126,127,129,130,132,136,141,161	NULL	NULL	NULL
5087	VITALS	Heart rate	Heart rate,HR,Pulse	Numeric	Test	NULL	NULL	NULL	NULL	NULL	NULL	50,51,53,54,55,56,57,58,59,60,61,62,63,64,65,66,67,68,69,70,71,72,73,74,75,76,77,78,79,80,81,82,83,84,85,86,87,88,89,90,91,92,93,94,95,96,97,98,99,100,101,102,103,104,105,106,107,108,109,110,111,112,113,114,115,116,117,118,119,120,128	NULL	NULL	NULL
5088	VITALS	Temp (c)	Temp (c),Temperature,Temperature (c)	Numeric	Test	NULL	NULL	NULL	NULL	NULL	NULL	35.9,36,36.1,36.2,36.3,36.4,36.5,36.7,36.8,36.9,37,37.1,111	NULL	NULL	NULL
5089	VITALS	Weight	Weight,Weight (kg),WT	Numeric	Test	NULL	NULL	NULL	NULL	NULL	NULL	0,12,18.6,20,22,23,23.22,28,29,30,30.5,33,35,37.2,38,38.8,38.9,39,39.3,40,40.1,40.5,41,41.2,41.3,41.7,42,42.1,42.2,42.3,42.5,42.6,42.7,42.9,43,43.3,43.7,43.8,43.9,44,44.1,44.2,44.3,44.4,44.5,44.6,44.7,44.8,44.9,45,45.1,45.2,45.3,45.4,45.5,45.6,45.7,45.8,45.9,46,46.1,46.2,46.3,46.4,46.5,46.6,46.7,46.8,46.9,47,47.1,47.2,47.3,47.4,47.5,47.7,47.71,47.8,47.9,48,48.1,48.3,48.4,48.5,48.6,48.7,48.8,48.9,49,49.1,49.2,49.3,49.4,49.5,49.6,49.7,49.8,49.9,50,50.1,50.2,50.3,50.34,50.4,50.5,50.6,50.7,50.8,51,51.1,51.2,51.3,51.4,51.5,51.6,51.7,51.8,51.9,52,52.1,52.2,52.3,52.4,52.5,52.6,52.7,52.8,52.9,53,53.1,53.2,53.3,53.4,53.5,53.6,53.7,53.8,53.9,54,54.1,54.2,54.3,54.4,54.5,54.6,54.7,54.8,54.9,55,55.1,55.2,55.3,55.4,55.5,55.6,55.7,55.8,55.9,56,56.04,56.09,56.1,56.2,56.3,56.4,56.5,56.6,56.7,56.8,56.9,57,57.1,57.2,57.3,57.4,57.5,57.6,57.7,57.8,57.9,58,58.1,58.2,58.3,58.4,58.5,58.6,58.7,58.8,58.9,59,59.1,59.2,59.3,59.4,59.5,59.6,59.7,59.8,59.9,60,60.1,60.2,60.3,60.4,60.5,60.6,60.7,60.8,60.9,61,61.1,61.2,61.3,61.4,61.5,61.6,61.		,56.6.,Unknown	NULL
5090	VITALS	Height (cm)	Height (cm),HT	Numeric	Test	NULL	NULL	NULL	NULL	NULL	NULL	60,62,63,64,69,74,101,109,112,113,114,117,120,121,123,125,126,127,128,130,131,132,133,134,136,138,139,140,141,142,143,144,145,146,147,148,149,150,151,152,153,154,155,156,157,158,159,160,161,162,163,164,165,166,167,167.6,168,169,170,171,172,173,174,175,176,177,177.5,178,179,180,181,182,183,185,187,188,190,191,192		,109.0,112.0,121.0,123.0,130.0,132.0,136.0,138.0,139.0,140.0,141.0,142.0,143.0,144.0,145.0,146.0,147.0,148.0,149.0,150.0,151.0,152.0,153.0,154.0,155.0,156.0,157.0,158.0,159.0,160.0,161.0,162.0,163.0,164.0,165.0,166.0,167.0,168.0,169.0,170.0,171.0,172.0,173.0,174.0,175.0,176.0,177.0,178.0,179.0,180.0,181.0,182.0,183.0,187.0,190.0,191.0,60.0,63.0,64.0,74.0	NULL
5092	VITALS	Blood oxygen saturation	Blood oxygen saturation,SAO2	Numeric	Test	NULL	NULL	NULL	NULL	NULL	NULL	95,96,97,98,99	NULL	NULL	NULL
6396	VITALS	Weight for age percent of median	Weight for age percent of median,WT for age	Numeric	Finding	NULL	NULL	NULL	NULL	NULL	NULL	NULL		108,110,150,154,155,157,1683,1791,255,31,480,57,61,65,75,79,84,89,92,94,97,NaN	NULL
6397	VITALS	Height for age percent of median	Height for age percent of median,HT for age	Numeric	Finding	NULL	NULL	NULL	NULL	NULL	NULL	NULL		100,107,108,122,182,301,307,36,80,85,86,88,91,93,94,95,97,98,99,NaN	NULL
6784	VITALS	Appointment reason	Appointment reason,Appointment type	Coded	Question	NULL	NULL	NULL	NULL	NULL	NULL	NULL	NULL	Exact - excluding hanging pills	NULL
7871	VITALS	Refer patient to clinician	Refer patient to clinician	N/A	Misc	NULL	1065	Yes	Yes	NULL	NULL	NULL	NULL	NULL	NULL
2429	APPOINTMENT	Reason for test	Reason for test,Reason_tested_oth	Text	Question	NULL	NULL	NULL	NULL	NULL	NULL	NULL	NULL	Routine	NULL
5096	APPOINTMENT	Appointment date	Appointment date,Next scheduled visit,Return visit date	Date	Question	NULL	NULL	NULL	NULL	NULL	2002-10-01 08:23:07,2003-01-10 09:48:10,2003-02-26 08:15:58,2003-02-27 08:05:27,2003-02-27 08:06:02,2004-09-20 11:27:09,2004-09-20 14:54:59,2004-09-23 14:21:54,2004-09-27 11:39:02,2004-09-27 15:01:25,2004-09-27 15:06:40,2004-09-27 15:14:22,2004-09-27 15:22:13,2004-09-27 15:27:17,2004-10-11 15:32:26,2004-10-11 15:38:04,2004-10-11 15:53:24,2004-10-11 16:02:12,2004-10-14 16:08:34,2004-10-18 08:34:03,2004-10-18 08:39:36,2004-10-25 08:42:57,2004-10-25 08:46:48,2004-10-25 08:50:55,2004-10-25 08:54:32,2004-11-01 08:58:43,2004-11-01 09:05:58,2004-11-01 09:10:39,2004-11-01 09:14:18,2004-11-01 09:17:44,2004-11-01 09:21:35,2004-11-01 09:25:24,2004-11-02 09:42:20,2004-11-05 11:48:59,2004-11-08 09:30:37,2004-11-08 10:03:20,2004-11-08 10:06:42,2004-11-08 10:30:27,2004-11-08 10:33:57,2004-11-08 10:38:15,2004-11-15 10:43:09,2004-11-15 10:47:24,2004-11-22 10:54:56,2004-11-22 10:59:32,2004-11-22 11:03:36,2004-11-22 11:09:15,2004-11-22 12:08:01,2004-11-29 09:35:22,2004-11-29 09:38:25,2004-11-29 09:46:22,2004-11-29 09:50:37,2004	NULL	NULL	NULL	NULL
7437	APPOINTMENT	Estimated date	Estimated date	N/A	Misc	NULL	NULL	NULL	NULL	NULL	2005-12-14 00:00:00,2010-11-15 00:00:00,2014-10-21 00:00:00,2015-01-02 00:00:00,2015-02-13 00:00:00,2015-04-17 00:00:00,2015-07-24 00:00:00,2016-04-06 00:00:00,2016-07-26 00:00:00,2016-11-22 00:00:00,2016-12-20 00:00:00,2017-05-15 00:00:00,2017-06-13 00:00:00,2017-07-12 00:00:00,2017-08-25 00:00:00,2018-02-14 00:00:00,2018-05-16 00:00:00,2018-10-12 00:00:00,2018-11-05 00:00:00,2019-01-11 00:00:00,2019-01-18 00:00:00,2019-01-28 00:00:00,2019-01-29 00:00:00,2019-01-30 00:00:00,2019-02-05 00:00:00,2019-02-15 00:00:00,2019-02-25 00:00:00,2019-02-28 00:00:00,2019-03-01 00:00:00,2019-03-05 00:00:00,2019-03-06 00:00:00,2019-03-08 00:00:00,2019-03-11 00:00:00,2019-03-13 00:00:00,2019-03-15 00:00:00,2019-03-18 00:00:00,2019-03-22 00:00:00,2019-03-29 00:00:00,2019-04-01 00:00:00,2019-04-03 00:00:00,2019-04-05 00:00:00,2019-04-08 00:00:00,2019-04-09 00:00:00,2019-04-10 00:00:00,2019-04-12 00:00:00,2019-04-15 00:00:00,2019-04-16 00:00:00,2019-04-17 00:00:00,2019-04-19 00:00:00,2019-04-22 00:00:00,2019-04-24 00:00:00,2019	NULL	NULL	NULL	NULL
2516	HIV CLINIC REGISTRATION	ART start date	ART start date,Date antiretrovirals started	Date	Question	NULL	NULL	NULL	NULL	NULL	1999-06-09 00:00:00,2000-01-01 00:00:00,2000-05-11 00:00:00,2001-08-27 00:00:00,2002-01-28 00:00:00,2002-05-10 00:00:00,2002-07-01 00:00:00,2002-09-02 00:00:00,2002-12-01 00:00:00,2003-01-02 00:00:00,2003-01-29 00:00:00,2003-03-13 00:00:00,2003-05-08 00:00:00,2003-06-02 00:00:00,2003-08-14 00:00:00,2003-11-12 00:00:00,2003-11-20 00:00:00,2003-12-31 00:00:00,2004-01-01 00:00:00,2004-01-26 00:00:00,2004-02-17 00:00:00,2004-02-19 00:00:00,2004-05-01 00:00:00,2004-06-01 00:00:00,2004-07-10 00:00:00,2004-08-06 00:00:00,2004-09-10 00:00:00,2004-11-15 00:00:00,2004-11-25 00:00:00,2004-11-27 00:00:00,2004-12-02 00:00:00,2004-12-09 00:00:00,2005-01-01 00:00:00,2005-01-05 00:00:00,2005-01-08 00:00:00,2005-01-11 00:00:00,2005-01-14 00:00:00,2005-01-28 00:00:00,2005-02-02 00:00:00,2005-02-09 00:00:00,2005-02-14 00:00:00,2005-02-18 00:00:00,2005-03-03 00:00:00,2005-04-04 00:00:00,2005-04-13 00:00:00,2005-04-14 00:00:00,2005-05-02 00:00:00,2005-05-06 00:00:00,2005-06-15 00:00:00,2005-06-26 00:00:00,2005-08-10 00:00:00,2005	NULL	,>	,6 months,Estimated,Over 2 years	NULL
2552	HIV CLINIC REGISTRATION	Agrees to followup	Agrees to followup,Follow up agreement	Coded	Question	NULL	1065,1066,9685,9686	No,Phone only,Visit only,Yes	No|Nono,Phone only,Visit only,Yes	NULL	NULL	NULL		NULL	NULL
5497	HIV CLINIC REGISTRATION	CD4	CD4,CD4 count	Numeric	Test	NULL	NULL	NULL	NULL	NULL	NULL	250	<	NULL	NULL
6131	HIV CLINIC REGISTRATION	Is patient pregnant?	Is patient pregnant?,Pregnant?	Coded	Question	NULL	1065,1066	No,Yes	No|Nono,Yes	NULL	NULL	NULL		NULL	NULL
6393	HIV CLINIC REGISTRATION	Has transfer letter	Has transfer letter	Coded	Question	NULL	1065,1066	No,Yes	No|Nono,Yes	NULL	NULL	NULL		NULL	NULL
6394	HIV CLINIC REGISTRATION	Has the patient taken ART in the last two weeks	Has the patient taken ART in the last two weeks,Taken ART last 2 wks	Coded	Question	NULL	1065,1066	No,Yes	No|Nono,Yes	NULL	NULL	NULL		NULL	NULL
6981	HIV CLINIC REGISTRATION	ART number at previous location	ART number at previous location	Text	Question	NULL	NULL	NULL	NULL	NULL	NULL	NULL		0,00,1385,1648,16770,A18 arv 1177,Blk  7520,Bmbk 397,Cpho  225,Eng1541,Kawale,Ku 5074,Lik  1638,Lik1638,Lk1638,Mpc  11487,Mpc 16770,Mpemba,Mtya  2014,Unknown	NULL
7750	HIV CLINIC REGISTRATION	Location of ART initiation	Location of ART initiation	N/A	Misc	NULL	NULL	NULL	NULL	NULL	NULL	1,2,4,26,298,430,581,614,621,696,700,704,706,720,764,784,984		A18,Admarc Dispensary,Adventist Hospital (Blantyre),African Bible College Health Centre,AHI Private Clinic (Zomba),Area 18 Urban Health Centre,ART clinic,Balaka District Hospital,Bembeke Health Centre,Blantyre District Health Office,Blantyre Health District,Chipho Health Centre,Engucwini Dispensary,Kamuzu Central Hospital,Kawale Urban Health Centre,Lighthouse,Likuni Hospital,Lilongwe Health District,MACRO Blantyre,Malamulo Hospital,Martin Preuss Centre,Matiya Health Centre,Mbulunji,Mlale Mission Hospital,Mlambe Hospital,Mpc,Ntcheu District Health Office,Other,Other Health Centres,Queen Elizabeth Central Hospital,Salima District Health Office,Soche Adventist Health Centre,SOS Clinic,Unknown,Zingwangwa Urban Health Centre	NULL
7751	HIV CLINIC REGISTRATION	Date ART last taken	Date ART last taken	Date	Misc	NULL	NULL	NULL	NULL	NULL	2000-01-01 00:00:00,2002-01-30 00:00:00,2002-09-04 00:00:00,2003-01-30 00:00:00,2004-02-17 00:00:00,2004-06-20 00:00:00,2004-09-01 00:00:00,2004-09-14 00:00:00,2004-09-15 00:00:00,2004-11-18 00:00:00,2004-11-25 00:00:00,2004-12-02 00:00:00,2004-12-07 00:00:00,2004-12-28 00:00:00,2005-01-01 00:00:00,2005-01-13 00:00:00,2005-01-18 00:00:00,2005-01-29 00:00:00,2005-02-10 00:00:00,2005-02-20 00:00:00,2005-04-07 00:00:00,2005-04-15 00:00:00,2005-05-04 00:00:00,2005-06-01 00:00:00,2005-06-15 00:00:00,2005-06-30 00:00:00,2005-07-03 00:00:00,2005-07-04 00:00:00,2005-07-06 00:00:00,2005-07-20 00:00:00,2005-08-17 00:00:00,2005-08-24 00:00:00,2005-08-31 00:00:00,2005-09-07 00:00:00,2005-09-13 00:00:00,2005-09-14 00:00:00,2005-10-05 00:00:00,2005-11-01 00:00:00,2005-11-02 00:00:00,2005-12-01 00:00:00,2005-12-05 00:00:00,2005-12-06 00:00:00,2006-01-01 00:00:00,2006-01-24 00:00:00,2006-01-31 00:00:00,2006-02-04 00:00:00,2006-02-07 00:00:00,2006-02-14 00:00:00,2006-02-21 00:00:00,2006-03-28 00:00:00,2006-04-04 00:00:00,2006	NULL		,Estimated,Not Estimated	NULL
7752	HIV CLINIC REGISTRATION	Has the patient taken ART in the last two months	Has the patient taken ART in the last two months	N/A	Misc	NULL	1065,1066,1067	Do not know,No,Yes	Do not know|Don't know|Unknown,No|Nono,Yes	NULL	NULL	NULL		NULL	NULL
7754	HIV CLINIC REGISTRATION	Ever received ART	Ever received ART,Ever received ART?	Coded	Misc	NULL	1065,1066	No,Yes	No|Nono,Yes	NULL	NULL	NULL		NULL	NULL
7880	HIV CLINIC REGISTRATION	Confirmatory HIV test type	Confirmatory HIV test type	Coded	Test	NULL	844,1040,1118	DNA PCR,HIV rapid qual,NOT done	DNA PCR|HIV DNA PCR|HIV DNA polymerase chain reaction|HIV PCR,HIV rapid qual|HIV rapid test|HIV rapid test, qualitative,NOT done	NULL	NULL	NULL		Not done,Rapid antibody test	NULL
7881	HIV CLINIC REGISTRATION	Confirmatory HIV test location	Confirmatory HIV test location	Text	Test	NULL	NULL	NULL	NULL	NULL	NULL	1,2,4,6,148,196,216,293,430,462,546,581,585,614,621,696,700,701,702,706,712,714,715,718,720,764,784,785,841,842,851,853,984		Achikondi Women Community Friendly Services Clinic,Admarc Dispensary,Adventist Health Centre (Lilongwe),Adventist Hospital (Blantyre),African Bible College Health Centre,AHI Private Clinic (Zomba),Area 18 Medi Clinic,ART clinic,Balaka District Hospital,Baylor Childrens Centre Of Excellence In Malawi,Bembeke Health Centre,Blantyre District Health Office,Blantyre Health District,Chipho Health Centre,Daeyang Luke Hospital,Dowa District Hospital,Engucwini Dispensary,Kabudula Rural Hospital,Kamphata Dispensary,Kamuzu Barracks Dispensary,Kamuzu Central Hospital,Kawale Urban Health Centre,Lighthouse,Lighthouse HTC,Likuni Hospital,MACRO Lilongwe,Malamulo Hospital,Martin Preuss Centre,MASM Area 43,Matiya Health Centre,Mhuju Rural Hospital,Mlale Mission Hospital,Mlambe Hospital,Mtengowanthenga Hospital,Nguludi St Josephs Hospital,Ntcheu District Health Office,Ntchisi District Health Office,Other,Other Health Centres,Other Private Health facilities,Pirimiti Health Centre,Queen Elizabeth Central Hospital,Salima District 	NULL
7882	HIV CLINIC REGISTRATION	Confirmatory HIV test date	Confirmatory HIV test date	Date	Test	NULL	NULL	NULL	NULL	NULL	0200-02-08 00:00:00,1999-01-01 00:00:00,2001-08-27 00:00:00,2002-05-10 00:00:00,2002-12-01 00:00:00,2002-12-18 00:00:00,2003-03-13 00:00:00,2003-05-08 00:00:00,2003-07-01 00:00:00,2003-08-14 00:00:00,2003-11-11 00:00:00,2003-11-12 00:00:00,2003-12-31 00:00:00,2004-01-01 00:00:00,2004-01-26 00:00:00,2004-02-19 00:00:00,2004-07-02 00:00:00,2004-07-10 00:00:00,2004-08-09 00:00:00,2004-08-26 00:00:00,2004-09-02 00:00:00,2004-09-10 00:00:00,2004-09-15 00:00:00,2004-09-16 00:00:00,2004-09-19 00:00:00,2004-09-23 00:00:00,2004-09-26 00:00:00,2004-09-30 00:00:00,2004-10-07 00:00:00,2004-10-11 00:00:00,2004-10-14 00:00:00,2004-10-21 00:00:00,2004-10-28 00:00:00,2004-11-04 00:00:00,2004-11-11 00:00:00,2004-11-18 00:00:00,2004-11-25 00:00:00,2004-12-02 00:00:00,2004-12-09 00:00:00,2004-12-16 00:00:00,2004-12-23 00:00:00,2004-12-24 00:00:00,2004-12-30 00:00:00,2005-01-01 00:00:00,2005-01-06 00:00:00,2005-01-13 00:00:00,2005-01-14 00:00:00,2005-01-20 00:00:00,2005-01-24 00:00:00,2005-01-25 00:00:00,2005-02-01 00:00:00,2005	NULL			NULL
7937	HIV CLINIC REGISTRATION	Ever registered at ART clinic	Ever registered at ART clinic	Coded	Question	NULL	1065,1066	No,Yes	No|Nono,Yes	NULL	NULL	NULL		NULL	NULL
7965	HIV CLINIC REGISTRATION	Breast feeding?	Breast feeding?,Is patient breast feeding?	Coded	Question	NULL	1066	No	No|Nono	NULL	NULL	NULL		NULL	NULL
8011	HIV CLINIC REGISTRATION	SEND SMS	SEND SMS,SMS	Coded	Misc	NULL	1066	No	No|Nono	NULL	NULL	NULL		NULL	NULL
9389	HIV CLINIC REGISTRATION	CD4 count <= 500	CD4 count <= 500,CD4 count less than or equal to 500	Numeric	Finding	NULL	1065,1066	No,Yes	No|Nono,Yes	NULL	NULL	NULL		NULL	NULL
9685	HIV CLINIC REGISTRATION	Phone only	Phone only	N/A	Test	NULL	1065,1066	No,Yes	No|Nono,Yes	NULL	NULL	NULL	NULL	NULL	NULL
9686	HIV CLINIC REGISTRATION	Visit only	Visit only	N/A	Test	NULL	1065,1066	No,Yes	No|Nono,Yes	NULL	NULL	NULL	NULL	NULL	NULL
856	LAB	HIV viral load	HIV viral load,Viral load	Numeric	Test	NULL	1271,6022	Delayed milestones,Laboratory tests ordered	Delayed milestones,Laboratory tests ordered|Tests ordered	NULL	2019-07-01 00:00:00,2019-07-03 00:00:00,2019-07-04 00:00:00,2019-07-10 00:00:00,2019-07-11 00:00:00,2019-07-17 00:00:00,2019-07-18 00:00:00,2019-07-19 00:00:00,2019-07-25 00:00:00,2019-07-29 00:00:00,2019-07-31 00:00:00,2019-08-02 00:00:00,2019-08-08 00:00:00,2019-08-09 00:00:00,2019-08-14 00:00:00,2019-08-15 00:00:00,2019-08-22 00:00:00,2019-08-28 00:00:00,2019-08-29 00:00:00,2019-09-02 00:00:00,2019-09-03 00:00:00,2019-09-04 00:00:00,2019-09-12 00:00:00,2019-09-17 00:00:00,2019-09-23 00:00:00,2019-09-25 00:00:00,2019-10-03 00:00:00,2019-10-24 00:00:00,2019-11-14 00:00:00,2020-01-10 00:00:00,2020-01-30 00:00:00	6,12,24,36,48,60,72,84,96,108,120,132,144,156,168,180,192,240	NULL	Wait till next milestone	NULL
2429	LAB	Reason for test	Reason for test,Reason_tested_oth	Text	Question	NULL	NULL	NULL	NULL	NULL	NULL	NULL	NULL	Routine	NULL
656	TREATMENT	INH	INH,Isoniazid	N/A	Drug	NULL	1065,1066	No,Yes	No|Nono,Yes	NULL	NULL	NULL	NULL	NULL	NULL
766	TREATMENT	Pyridoxin	Pyridoxin,Pyridoxine,Vitamin B6	N/A	Drug	NULL	1065	Yes	Yes	NULL	NULL	NULL	NULL	NULL	NULL
1779	TREATMENT	Reason antiretrovirals change (first line only	Reason antiretrovirals change (first line only,Reason antiretrovirals modified (first line only),Reason antiretrovirals substitute or switch (first line only),Reason ARV substitute or switch (1st line only,Reason for ARV substitute or switch (first line only)	Coded	Question	NULL	NULL	NULL	NULL	NULL	NULL	NULL	NULL	Drug drug interaction,Other,Policy change,Pregnancy intention,Side effects,Treatment failure	NULL
6784	TREATMENT	Appointment reason	Appointment reason,Appointment type	Coded	Question	NULL	NULL	NULL	NULL	NULL	NULL	NULL	NULL	Exact - excluding hanging pills,Optimize - including hanging pills	NULL
6882	TREATMENT	ARV regimen type	ARV regimen type,What type of antiretroviral regimen	Coded	Question	NULL	NULL	NULL	NULL	NULL	NULL	NULL	NULL	ABC/3TC (Abacavir and Lamivudine 600/300mg tablet) NVP (Nevirapine 200 mg tablet),AZT/3TC (Zidovudine and Lamivudine 300/150mg) ATV/r (Atazanavir 300mg/Ritonavir 100mg),AZT/3TC/NVP (300/150/200mg tablet),AZT/3TC/NVP (60/30/50mg tablet),Cotrimoxazole (960mg) AZT/3TC/NVP (300/150/200mg tablet),Cotrimoxazole (960mg) TDF/3TC/EFV (300/300/600mg tablet),Dolutegravir (50mg tablet) ABC/3TC (Abacavir and Lamivudine 600/300mg tablet),Dolutegravir (50mg tablet) AZT300/3TC300,EFV (Efavirenz 600mg tablet) AZT/3TC (Zidovudine and Lamivudine 300/150mg),TDF/3TC (Tenofavir and Lamivudine 300/300mg tablet ATV/r (Atazanavir 300mg/Ritonavir 100mg),TDF/3TC (Tenofavir and Lamivudine 300/300mg tablet LPV/r (Lopinavir and Ritonavir 200/50mg tablet),TDF/3TC (Tenofavir and Lamivudine 300/300mg tablet NVP (Nevirapine 200 mg tablet),TDF/3TC/EFV (300/300/600mg tablet),TDF300/3TC300/DTG50	NULL
7024	TREATMENT	Cotrimoxazole prophylaxis treatment started	Cotrimoxazole prophylaxis treatment started,CPT started	Coded	Question	NULL	1065,1066	No,Yes	No|Nono,Yes	NULL	NULL	NULL	NULL	NULL	NULL
8375	TREATMENT	Regimen Category	Regimen Category	N/A	Misc	NULL	NULL	NULL	NULL	NULL	NULL	NULL	NULL	0A,10A,2A,2P,4A,5A,6A,7A,8A,Unknown	NULL
1805	HIV RECEPTION	Patient present	Patient present,Patient present - Voided,Patient present for consultation	Coded	Question	NULL	1065,1066	No,Yes	No|Nono,Yes	NULL	NULL	NULL	NULL	NULL	NULL
2122	HIV RECEPTION	Guardian present	Guardian present,Guardian present - voided,Responsible person present,Who is present as guardian?	Boolean	Question	NULL	1065,1066	No,Yes	No|Nono,Yes	NULL	NULL	NULL		No,Unknown	NULL
6784	HIV RECEPTION	Appointment reason	Appointment reason,Appointment type	Coded	Question	NULL	NULL	NULL	NULL	NULL	NULL	NULL	NULL	Exact - excluding hanging pills	NULL
730	HIV STAGING	CD4 percent	CD4 percent,Cd4%	Numeric	Test	NULL	NULL	NULL	NULL	NULL	NULL	NULL		=120,=250	NULL
836	HIV STAGING	Herpes zoster	Herpes zoster,Shingles	Coded	Diagnosis	NULL	1066	No	No|Nono	NULL	NULL	NULL		NULL	NULL
2575	HIV STAGING	Angular cheilitis	Angular cheilitis	N/A	Diagnosis	NULL	1066,1067	Do not know,No	Do not know|Don't know|Unknown,No|Nono	NULL	NULL	NULL		NULL	NULL
2576	HIV STAGING	Oral ulcerations, recurrent	Oral ulcerations, recurrent,Recurrent oral ulcerations	N/A	Finding	NULL	1066,1067	Do not know,No	Do not know|Don't know|Unknown,No|Nono	NULL	NULL	NULL		NULL	NULL
2578	HIV STAGING	Seborrhoeic dermatitis	Seborrhoeic dermatitis	N/A	Diagnosis	NULL	1066	No	No|Nono	NULL	NULL	NULL		NULL	NULL
2743	HIV STAGING	Who stages criteria present	Who stages criteria present,WHO stg crit	Coded	Question	NULL	507,836,882,1215,1547,2578,2582,3068,5012,5018,5027,5327,5332,5334,5340,5344,6408,7038,7039,7040,7539,7540,7541,7543,7548,7957,8206	Anaemia, unexplained < 8 g/dl,Asymptomatic HIV infection,Bacterial pneumonia, severe recurrent,Candidiasis of oseophagus, trachea and bronchi or lungs,Candidiasis oral - voided,Chonic herpes simplex,Chronic diarrhea,Cryptococcal meningitis or other extrapulmonary cryptococcosis,EPTB,Fever, persistent unexplained, intermittent or constant, >1 month,Herpes zoster,Kaposi sarcoma,Moderate unexplained wasting/malnutrition not responding to treatment (weight-for-height/ -age 70-79% or muac 11-12 cm),Moderate weight loss less than or equal to 10 percent, unexplained,Other,PCP,Pulmonary TB (current),Pulmonary tuberculosis within the last 2 years,Recurrent upper respiratory infection,Seborrhoeic dermatitis,Severe bacterial infections (pneumonia, empyema, pyomyositis, bone/joint, meningitis, bacteraemia),Severe unexplained wasting or malnutrition not responding to treatment,Severe weight loss >10% and/or BMI <18.5kg/m^2, unexplained,Symptomatic HIV associated nephropathy or cardiomyopathy,Unspecified stage 2 condition,	Anaemia, unexplained < 8 g/dl|Unexplained anaemia, neutropaenia, or throbocytopaenia|Unexplained anemia,Asymptomatic HIV infection,Bacterial pneumonia, severe recurrent|Recurrent pneumonia|Severe recurrent bacterial pneumonia,Candidiasis of oseophagus, trachea and bronchi or lungs|Candidiasis of oseophagus, trachea and/or bronchus|Candidiasis of respiratory tract,Candidiasis oral - voided|Candidiasis, oral|Oral candida|Oral candidiasis|Oral thrush|Thrush,Chonic herpes simplex|Chronic herpes|Chronic herpes simplex infection (orolabial, gential / anorectal >1 month or visceral at any site)|Herpes simplex infection, mucocutaneous for longer than 1 month or visceral|Mucocutaneous HSV,Chronic diarrhea|Chronic diarrhoea 1 MO|Chronic diarrhoea more than 1 month|Diarrhoea, chronic (>1 month) unexplained,Cryptococcal meningitis or other extrapulmonary cryptococcosis,EPTB|Extrapulmonary tuberculosis (EPTB),Fever, persistent unexplained, intermittent or constant, >1 month|Prolonged fever intermittent or constant more th	NULL	NULL	NULL		,Acute necrotizing ulcerative stomatitis, gingivitis or periodontitis	NULL
5012	HIV STAGING	Recurrent upper respiratory infection	Recurrent upper respiratory infection,Recurrent upper respiratory infection (ie, bacterial sinusitis),Respiratory tract infections, recurrent (sinusitis, tonsilitus, otitis media, pharyngitis)	N/A	Finding	NULL	1066	No	No|Nono	NULL	NULL	NULL		NULL	NULL
5018	HIV STAGING	Chronic diarrhea	Chronic diarrhea,Chronic diarrhoea 1 MO,Chronic diarrhoea more than 1 month,Diarrhoea, chronic (>1 month) unexplained	N/A	Diagnosis	NULL	1066,1067	Do not know,No	Do not know|Don't know|Unknown,No|Nono	NULL	NULL	NULL		NULL	NULL
5027	HIV STAGING	Fever, persistent unexplained, intermittent or constant, >1 month	Fever, persistent unexplained, intermittent or constant, >1 month,Prolonged fever intermittent or constant more than one month,Prolonged fever over 1 MO	N/A	Finding	NULL	1066,1067	Do not know,No	Do not know|Don't know|Unknown,No|Nono	NULL	NULL	NULL		NULL	NULL
5328	HIV STAGING	Persistent generalized lymphadenopathy	Persistent generalized lymphadenopathy	N/A	Finding	NULL	1066,1067	Do not know,No	Do not know|Don't know|Unknown,No|Nono	NULL	NULL	NULL		NULL	NULL
5332	HIV STAGING	Moderate weight loss less than or equal to 10 percent, unexplained	Moderate weight loss less than or equal to 10 percent, unexplained,Unintentional weight loss less than or equal to 10 percent in the abscence of concurrent illness,Unintentional wt loss <=10%,Weight loss 10 percent or less	N/A	Finding	NULL	1066	No	No|Nono	NULL	NULL	NULL		NULL	NULL
5334	HIV STAGING	Candidiasis oral - voided	Candidiasis oral - voided,Candidiasis, oral,Oral candida,Oral candidiasis,Oral thrush,Thrush	Coded	Diagnosis	NULL	1066	No	No|Nono	NULL	NULL	NULL		NULL	NULL
5497	HIV STAGING	CD4	CD4,CD4 count	Numeric	Test	NULL	NULL	NULL	NULL	NULL	NULL	1,6,10,12,13,14,17,18,20,21,24,25,27,28,32,35,38,40,41,42,43,45,47,49,51,52,53,56,57,58,59,60,61,63,64,65,70,72,75,77,78,79,81,84,85,86,87,88,89,90,91,93,97,98,99,100,101,103,104,105,106,107,108,109,110,111,112,115,117,120,122,123,124,125,126,127,128,129,130,131,132,133,134,135,136,137,138,139,141,142,144,145,146,149,150,151,153,154,155,157,159,160,162,167,168,169,170,171,173,174,175,176,178,179,180,181,183,184,187,189,190,191,194,195,197,198,199,200,201,202,203,205,207,209,211,212,213,214,215,216,218,220,222,223,227,230,231,233,235,236,239,240,244,250,257,258,260,265,268,269,271,278,280,288,289,290,293,300,301,311,312,321,325,328,329,332,339,345,348,350,352,355,356,358,410,412,417,423,430,450,451,485,490,500,512,600,1000	<,=,>		NULL
6131	HIV STAGING	Is patient pregnant?	Is patient pregnant?,Pregnant?	Coded	Question	NULL	1065,1066,1067	Do not know,No,Yes	Do not know|Don't know|Unknown,No|Nono,Yes	NULL	NULL	NULL		  No  	NULL
6830	HIV STAGING	Cd4 count location	Cd4 count location	Text	Question	NULL	3885,3886,3888	1,2,4	1,2,4	NULL	NULL	NULL		462,614,621,622,696,702,704,718,720,784,785,African Bible College Health Centre,Kamuzu Central Hospital,UNC Project Bwaila Hospital,Unknown	NULL
6831	HIV STAGING	Cd4 count datetime	Cd4 count datetime	Datetime	Question	NULL	NULL	NULL	NULL	NULL	2002-02-10 00:00:00,2002-07-17 00:00:00,2002-12-01 00:00:00,2002-12-13 00:00:00,2003-03-13 00:00:00,2003-05-02 00:00:00,2003-05-08 00:00:00,2003-06-25 00:00:00,2003-07-01 00:00:00,2003-08-14 00:00:00,2003-10-28 00:00:00,2003-11-12 00:00:00,2003-11-30 00:00:00,2003-12-24 00:00:00,2003-12-31 00:00:00,2004-01-04 00:00:00,2004-04-14 00:00:00,2004-05-01 00:00:00,2004-09-02 00:00:00,2004-09-15 00:00:00,2004-09-16 00:00:00,2004-09-19 00:00:00,2004-09-29 00:00:00,2004-10-04 00:00:00,2004-10-11 00:00:00,2004-10-14 00:00:00,2004-11-25 00:00:00,2004-11-26 00:00:00,2004-12-02 00:00:00,2004-12-09 00:00:00,2004-12-23 00:00:00,2004-12-30 00:00:00,2005-01-01 00:00:00,2005-01-06 00:00:00,2005-01-13 00:00:00,2005-01-14 00:00:00,2005-01-20 00:00:00,2005-01-24 00:00:00,2005-01-27 00:00:00,2005-02-03 00:00:00,2005-02-05 00:00:00,2005-02-17 00:00:00,2005-02-18 00:00:00,2005-03-02 00:00:00,2005-03-04 00:00:00,2005-03-10 00:00:00,2005-04-14 00:00:00,2005-04-17 00:00:00,2005-04-21 00:00:00,2005-05-05 00:00:00,2005-05-12 00:00:00,2005	NULL			NULL
7029	HIV STAGING	CD4 percent location	CD4 percent location	Text	Question	NULL	NULL	NULL	NULL	NULL	NULL	1,2,4,5,6,293,696,700,701,702,706,712,715,784,785,851		Achikondi Women Community Friendly Services Clinic,Admarc Dispensary,Adventist Health Centre (Lilongwe),Adventist Hospital (Blantyre),African Bible College Health Centre,Kamuzu Central Hospital,Lighthouse,Lighthouse HTC,Likuni Hospital,Martin Preuss Centre,Other,Other Health Centres,Other Private Health facilities,UNC Project Area 25 Health Centre,UNC Project Bwaila Hospital,Unknown	NULL
7032	HIV STAGING	CD4 percent less than 25	CD4 percent less than 25	N/A	Finding	NULL	1066,1067	Do not know,No	Do not know|Don't know|Unknown,No|Nono	NULL	NULL	NULL		NULL	NULL
7036	HIV STAGING	Presumed severe HIV criteria present	Presumed severe HIV criteria present	Coded	Question	NULL	3068	Severe unexplained wasting or malnutrition not responding to treatment	Severe unexplained wasting or malnutrition not responding to treatment|Severe unexplained wasting or malnutrition not responding to treatment (weight-for-height/ -age <70% or MUAC less than 11cm or oedema)|Severe wasting/malnutrition	NULL	NULL	NULL			NULL
7038	HIV STAGING	Unspecified stage 2 condition	Unspecified stage 2 condition	N/A	Diagnosis	NULL	1066	No	No|Nono	NULL	NULL	NULL		NULL	NULL
7536	HIV STAGING	Papular pruritic eruptions / Fungal nail infections	Papular pruritic eruptions / Fungal nail infections	N/A	Diagnosis	NULL	1066	No	No|Nono	NULL	NULL	NULL		NULL	NULL
7539	HIV STAGING	Pulmonary tuberculosis within the last 2 years	Pulmonary tuberculosis within the last 2 years,Tuberculosis (PTB or EPTB) within the last 2 years	N/A	Finding	NULL	1066	No	No|Nono	NULL	NULL	NULL		NULL	NULL
7540	HIV STAGING	Severe weight loss >10% and/or BMI <18.5kg/m^2, unexplained	Severe weight loss >10% and/or BMI <18.5kg/m^2, unexplained	N/A	Finding	NULL	1066,1067	Do not know,No	Do not know|Don't know|Unknown,No|Nono	NULL	NULL	NULL		NULL	NULL
7562	HIV STAGING	WHO stage	WHO stage	Coded	Question	NULL	7046,7047,7048,7049,7051,7052,7561	,WHO stage I adult	WHO stage I adult,|WHO stage I peds,|WHO stage II adult,|WHO stage III adult,|WHO stage III peds,|WHO stage IV adult,|WHO stage IV peds	NULL	NULL	NULL		WHO STAGE I ADULT,WHO STAGE II ADULT,WHO STAGE III ADULT,WHO STAGE IV ADULT	NULL
7563	HIV STAGING	Reason for ART eligibility	Reason for ART eligibility	Coded	Question	NULL	1107,1169,1206,1207,1755,5006,5632,7047,7048,7051,7052,8207,8262,9389	,Asymptomatic,Breastfeeding,CD4 count <= 250,CD4 count <= 350,CD4 count <= 500,Gravida,HIV infected,None,WHO stage III adult,WHO stage IV adult	Asymptomatic,Breastfeeding|Currently breastfeeding child,CD4 count <= 250|CD4 count less than or equal to 250,CD4 count <= 350|CD4 count less than or equal to 350,CD4 count <= 500|CD4 count less than or equal to 500,Gravida|Patient pregnant|Pregnant woman,HIV infected|HIV pos,None,WHO stage III adult,WHO stage IV adult,|WHO stage III adult,|WHO stage III peds,|WHO stage IV adult,|WHO stage IV peds	NULL	NULL	NULL		Asymptomatic,BREASTFEEDING,CD4 count less than or equal to 250,PATIENT PREGNANT,WHO STAGE III ADULT,WHO STAGE IV ADULT	NULL
7965	HIV STAGING	Breast feeding?	Breast feeding?,Is patient breast feeding?	Coded	Question	NULL	1065,1066,1067	Do not know,No,Yes	Do not know|Don't know|Unknown,No|Nono,Yes	NULL	NULL	NULL		  No  	NULL
8206	HIV STAGING	Pulmonary TB (current)	Pulmonary TB (current),Pulmonary tuberculosis (current)	N/A	Finding	NULL	1066	No	No|Nono	NULL	NULL	NULL		NULL	NULL
8207	HIV STAGING	CD4 count <= 350	CD4 count <= 350,CD4 count less than or equal to 350	N/A	Finding	NULL	1065,1066,1067	Do not know,No,Yes	Do not know|Don't know|Unknown,No|Nono,Yes	NULL	NULL	NULL		YES	NULL
8262	HIV STAGING	CD4 count <= 250	CD4 count <= 250,CD4 count less than or equal to 250	N/A	Finding	NULL	1065,1066,1067	Do not know,No,Yes	Do not know|Don't know|Unknown,No|Nono,Yes	NULL	NULL	NULL		NO,YES	NULL
9389	HIV STAGING	CD4 count <= 500	CD4 count <= 500,CD4 count less than or equal to 500	Numeric	Finding	NULL	1065,1066,1067	Do not know,No,Yes	Do not know|Don't know|Unknown,No|Nono,Yes	NULL	NULL	NULL		NO,YES	NULL
3	HIV CLINIC CONSULTATION	Anaemia	Anaemia,Anaemic,Anemia,Anemia nos	N/A	Diagnosis	NULL	1065,1066	No,Yes	No|Nono,Yes	NULL	NULL	NULL		NULL	NULL
107	HIV CLINIC CONSULTATION	Cough	Cough	N/A	Symptom/Finding	NULL	1066	No	No|Nono	NULL	NULL	NULL	NULL	NULL	NULL
215	HIV CLINIC CONSULTATION	Icterus	Icterus,Jaundice,Yellow eye	N/A	Finding	NULL	1066	No	No|Nono	NULL	NULL	NULL		NULL	NULL
219	HIV CLINIC CONSULTATION	Psychosis	Psychosis	Coded	Diagnosis	NULL	1065,1066	No,Yes	No|Nono,Yes	NULL	NULL	NULL		NULL	NULL
374	HIV CLINIC CONSULTATION	Family planning method	Family planning method,Method of birth control,Method of family planning	Coded	Question	NULL	780,907,1107,1719,5275,7857,7858,7859	Birth control pills,Contraceptive implant,Depo,Female condoms,Intrauterine contraception,Male condoms,None,Tubal ligation	Birth control pills|Oral contraception|Oral contraceptive pills,Contraceptive implant|Implant,Depo|Depo-provera|Depoprovera|Medroxyprogesterone acetate,Female condoms,Intrauterine contraception|Intrauterine device|Iucd|IUD,Male condoms,None,Tubal ligation	NULL	NULL	NULL			NULL
512	HIV CLINIC CONSULTATION	Rash	Rash,Skin rash	N/A	Symptom/Finding	NULL	1065,1066	No,Yes	No|Nono,Yes	NULL	NULL	NULL	NULL	NULL	NULL
620	HIV CLINIC CONSULTATION	Headache	Headache	N/A	Symptom	NULL	1066	No	No|Nono	NULL	NULL	NULL	NULL	NULL	NULL
630	HIV CLINIC CONSULTATION	AZT + 3TC	AZT + 3TC,AZT/3TC,Combivir,Duovir,Virocomb,Zidolam,Zidovudine and Lamivudine	N/A	Drug	NULL	NULL	NULL	NULL	NULL	NULL	1			NULL
631	HIV CLINIC CONSULTATION	Nevirapine	Nevirapine,NVP,Viramune	N/A	Drug	NULL	NULL	NULL	NULL	NULL	NULL	0,1			NULL
821	HIV CLINIC CONSULTATION	Peripheral neuropathy	Peripheral neuropathy,PN	Coded	Diagnosis	NULL	1065,1066	No,Yes	No|Nono,Yes	NULL	NULL	NULL		NULL	NULL
867	HIV CLINIC CONSULTATION	Insomnia	Insomnia	N/A	Finding	NULL	1065,1066	No,Yes	No|Nono,Yes	NULL	NULL	NULL	NULL	NULL	NULL
877	HIV CLINIC CONSULTATION	Dizziness	Dizziness	Boolean	Symptom	NULL	1066	No	No|Nono	NULL	NULL	NULL	NULL	NULL	NULL
1282	HIV CLINIC CONSULTATION	Medication orders	Medication orders	N/A	Misc	NULL	656,916,1085	Antiretroviral drugs,Co-trimoxazole,INH	Antiretroviral drugs|ARVS|HAART,Co-trimoxazole|Cotrimoxazole|CPT|Septrin|Septrin syrup|Tmp/smx|Trimethoprim and sulfamethoxazole,INH|Isoniazid	NULL	NULL	NULL		,NONE OF THE ABOVE	NULL
1458	HIV CLINIC CONSULTATION	Lactic acidosis	Lactic acidosis	Coded	Symptom/Finding	NULL	1066	No	No|Nono	NULL	NULL	NULL	NULL	NULL	NULL
1610	HIV CLINIC CONSULTATION	AZT/3TC/NVP	AZT/3TC/NVP,Duovir-N,Zidovudine lamivudine and nevirapine	N/A	Drug	NULL	NULL	NULL	NULL	NULL	NULL	0		,Unknown	NULL
1618	HIV CLINIC CONSULTATION	Family planning	Family planning,Family planning, action to take	Text	Question	NULL	780,907,1107,1719,5275,7858,7859	Birth control pills,Depo,Female condoms,Intrauterine contraception,Male condoms,None,Tubal ligation	Birth control pills|Oral contraception|Oral contraceptive pills,Depo|Depo-provera|Depoprovera|Medroxyprogesterone acetate,Female condoms,Intrauterine contraception|Intrauterine device|Iucd|IUD,Male condoms,None,Tubal ligation	NULL	NULL	NULL		,After counselling of patient	NULL
1717	HIV CLINIC CONSULTATION	Currently using family planning method	Currently using family planning method,Patient using family planning	Boolean	Question	NULL	1065,1066	No,Yes	No|Nono,Yes	NULL	NULL	NULL		NULL	NULL
2148	HIV CLINIC CONSULTATION	Lipodystrophy	Lipodystrophy	N/A	Finding	NULL	1066	No	No|Nono	NULL	NULL	NULL		NULL	NULL
2690	HIV CLINIC CONSULTATION	Category I TB regimen	Category I TB regimen,TB treatment,TB treatment category,Tuberculosis regimen on treatment card	Coded	Question	NULL	1065,1066	No,Yes	No|Nono,Yes	NULL	NULL	NULL		NULL	NULL
2985	HIV CLINIC CONSULTATION	TDF/3TC/EFV	TDF/3TC/EFV,Tenofovir Lamivudine Efavirenz	N/A	Drug	NULL	NULL	NULL	NULL	NULL	NULL	0,1,2,3,4,6,7		,Unknown	NULL
5945	HIV CLINIC CONSULTATION	Fever	Fever	N/A	Symptom/Finding	NULL	1065,1066,1175	N/A,No,Yes	N/A|NOT applicable,No|Nono,Yes	NULL	NULL	NULL		NULL	NULL
5978	HIV CLINIC CONSULTATION	Nausea	Nausea	N/A	Symptom	NULL	1066	No	No|Nono	NULL	NULL	NULL	NULL	NULL	NULL
5980	HIV CLINIC CONSULTATION	Emesis	Emesis,Vomiting	N/A	Symptom	NULL	1066	No	No|Nono	NULL	NULL	NULL	NULL	NULL	NULL
6029	HIV CLINIC CONSULTATION	Night sweats	Night sweats	N/A	Symptom	NULL	1065,1066,1175	N/A,No,Yes	N/A|NOT applicable,No|Nono,Yes	NULL	NULL	NULL		NULL	NULL
6131	HIV CLINIC CONSULTATION	Is patient pregnant?	Is patient pregnant?,Pregnant?	Coded	Question	NULL	1065,1066,1067	Do not know,No,Yes	Do not know|Don't know|Unknown,No|Nono,Yes	NULL	NULL	NULL		NULL	NULL
6195	HIV CLINIC CONSULTATION	Reason for no family planning	Reason for no family planning,Why does the woman not use birth control	Text	Question	NULL	3211,9186,9187,9188	At risk of unplanned pregnancy,No sexual activity,Not needed for medical reasons,Patient wants to get pregnant	At risk of unplanned pregnancy,No sexual activity|Not sexually active,Not needed for medical reasons,Patient wants to get pregnant	NULL	NULL	NULL		NULL	NULL
6969	HIV CLINIC CONSULTATION	Refer to ART clinician	Refer to ART clinician	Coded	Question	NULL	1065,1066	No,Yes	No|Nono,Yes	NULL	NULL	NULL		NULL	NULL
7459	HIV CLINIC CONSULTATION	TB status	TB status	Coded	Question	NULL	7454,7455,7456,7458	Confirmed TB NOT on treatment,Confirmed TB on treatment,Nosup,sup	Confirmed TB NOT on treatment|Norx,Confirmed TB on treatment|RX,Nosup|TB NOT suspected,sup|TB suspected	NULL	NULL	NULL		NULL	NULL
7567	HIV CLINIC CONSULTATION	Drug induced	Drug induced,Drug-induced	N/A	Diagnosis	NULL	821	Peripheral neuropathy	Peripheral neuropathy|PN	83,576,735,931,983	NULL	NULL	NULL	Past medication history	NULL
7753	HIV CLINIC CONSULTATION	Last antiretroviral drugs taken	Last antiretroviral drugs taken,Last ART drugs taken,Last ARV drugs taken	Text	Misc	NULL	NULL	NULL	NULL	NULL	NULL	NULL		Regimen 2 (AZT / 3TC / NVP),Regimen 5 (TDF / 3TC / EFV),Regimen 6 (TDF / 3TC + NVP),Regimen 7 (TDF / 3TC + ATV/r),Regimen 8 (AZT / 3TC + ATV/r)	NULL
7755	HIV CLINIC CONSULTATION	Malawi ART side effects	Malawi ART side effects,MLW ART side effects	Coded	ConvSet	NULL	3,215,219,512,821,867,2148,9242,9440	Anaemia,Gynaecomastia,Icterus,Insomnia,Kidney Failure,Lipodystrophy,Peripheral neuropathy,Psychosis,Rash	Anaemia|Anaemic|Anemia|Anemia nos,Gynaecomastia,Icterus|Jaundice|Yellow eye,Insomnia,Kidney Failure,Lipodystrophy,Peripheral neuropathy|PN,Psychosis,Rash|Skin rash	NULL	NULL	NULL		NULL	NULL
7874	HIV CLINIC CONSULTATION	Prescribe drugs	Prescribe drugs	N/A	Misc	NULL	1065,1066	No,Yes	No|Nono,Yes	NULL	NULL	NULL		NULL	NULL
7928	HIV CLINIC CONSULTATION	TDF+3TC	TDF+3TC,TDF/3TC,Tenofavir Lamivudine	Numeric	Drug	NULL	NULL	NULL	NULL	NULL	NULL	0,1			NULL
7951	HIV CLINIC CONSULTATION	Other side effect	Other side effect	N/A	Finding	NULL	107,620,877,1458,5945,5978,5980,8260	Cough,Dizziness,Emesis,Fever,Headache,Lactic acidosis,Nausea,Weight loss / Failure to thrive / maln.	Cough,Dizziness,Emesis|Vomiting,Fever,Headache,Lactic acidosis,Nausea,Weight loss / Failure to thrive / maln.|Weight loss / Failure to thrive / malnutrition	NULL	NULL	NULL	NULL	NULL	NULL
7965	HIV CLINIC CONSULTATION	Breast feeding?	Breast feeding?,Is patient breast feeding?	Coded	Question	NULL	1065,1066,1067	Do not know,No,Yes	Do not know|Don't know|Unknown,No|Nono,Yes	NULL	NULL	NULL		NULL	NULL
8012	HIV CLINIC CONSULTATION	Allergic to sulphur	Allergic to sulphur,sulphur allergy	Coded	Misc	NULL	1065,1066,1067	Do not know,No,Yes	Do not know|Don't know|Unknown,No|Nono,Yes	NULL	NULL	NULL		NULL	NULL
8259	HIV CLINIC CONSULTATION	Routine TB Screening	Routine TB Screening,Routine Tuberculosis Screening	Coded	ConvSet	NULL	5945,6029,8260,8261	Cough any duration,Fever,Night sweats,Weight loss / Failure to thrive / maln.	Cough any duration|Cough of any duration,Fever,Night sweats,Weight loss / Failure to thrive / maln.|Weight loss / Failure to thrive / malnutrition	NULL	NULL	NULL		NULL	NULL
8260	HIV CLINIC CONSULTATION	Weight loss / Failure to thrive / maln.	Weight loss / Failure to thrive / maln.,Weight loss / Failure to thrive / malnutrition	N/A	Finding	NULL	1065,1066,1175,8260	N/A,No,Weight loss / Failure to thrive / maln.,Yes	N/A|NOT applicable,No|Nono,Weight loss / Failure to thrive / maln.|Weight loss / Failure to thrive / malnutrition,Yes	NULL	NULL	NULL		NULL	NULL
8261	HIV CLINIC CONSULTATION	Cough any duration	Cough any duration,Cough of any duration	N/A	Finding	NULL	1065,1066,1175	N/A,No,Yes	N/A|NOT applicable,No|Nono,Yes	NULL	NULL	NULL		NULL	NULL
9175	HIV CLINIC CONSULTATION	Atazanavir Ritonavir	Atazanavir Ritonavir,ATV/r	N/A	Drug	NULL	NULL	NULL	NULL	NULL	NULL	0,1			NULL
9185	HIV CLINIC CONSULTATION	Reason for not using contraceptives	Reason for not using contraceptives	Coded	Question	NULL	5265,9191,9192	Afraid of side effects,Apathetic,Never thought about it	Afraid of side effects,Apathetic|Indifferent,Never thought about it	NULL	NULL	NULL	NULL	NULL	NULL
9193	HIV CLINIC CONSULTATION	Offer contraception	Offer contraception	Coded	Question	NULL	1065,1066,9195	Discuss with spouse,No,Yes	Discuss with spouse|Wants to discuss with spouse,No|Nono,Yes	NULL	NULL	NULL	NULL	NULL	NULL
9242	HIV CLINIC CONSULTATION	Kidney Failure	Kidney Failure	N/A	Test	NULL	1066	No	No|Nono	NULL	NULL	NULL		NULL	NULL
9440	HIV CLINIC CONSULTATION	Gynaecomastia	Gynaecomastia	N/A	Symptom	NULL	1065,1066	No,Yes	No|Nono,Yes	NULL	NULL	NULL		NULL	NULL
9661	HIV CLINIC CONSULTATION	Contraindications	Contraindications	N/A	Test	NULL	512,821	Peripheral neuropathy,Rash	Peripheral neuropathy|PN,Rash|Skin rash	NULL	NULL	NULL	NULL	NULL	NULL
1500	DISPENSING	Drug end date	Drug end date	Date	Misc	NULL	NULL	NULL	NULL	11,22,39,73,83,297,576,613,731,732,734,735,736,814,931,932,969,982,983,984	2002-10-03 00:00:00,2003-01-16 00:00:00,2004-09-24 00:00:00,2004-10-01 00:00:00,2004-10-15 00:00:00,2004-10-18 00:00:00,2004-10-22 00:00:00,2004-10-29 00:00:00,2004-10-31 00:00:00,2004-11-05 00:00:00,2004-11-09 00:00:00,2004-11-12 00:00:00,2004-11-19 00:00:00,2004-11-26 00:00:00,2004-12-03 00:00:00,2004-12-10 00:00:00,2004-12-12 00:00:00,2004-12-17 00:00:00,2004-12-23 00:00:00,2004-12-24 00:00:00,2004-12-31 00:00:00,2005-01-07 00:00:00,2005-01-14 00:00:00,2005-01-16 00:00:00,2005-01-21 00:00:00,2005-01-23 00:00:00,2005-01-28 00:00:00,2005-01-30 00:00:00,2005-02-04 00:00:00,2005-02-06 00:00:00,2005-02-11 00:00:00,2005-02-18 00:00:00,2005-02-25 00:00:00,2005-02-26 00:00:00,2005-02-28 00:00:00,2005-03-04 00:00:00,2005-03-11 00:00:00,2005-03-18 00:00:00,2005-03-21 00:00:00,2005-03-25 00:00:00,2005-03-26 00:00:00,2005-04-02 00:00:00,2005-04-03 00:00:00,2005-04-05 00:00:00,2005-04-08 00:00:00,2005-04-15 00:00:00,2005-04-22 00:00:00,2005-04-29 00:00:00,2005-05-06 00:00:00,2005-05-13 00:00:00,2005-05-14 00:00:00,2005	NULL	NULL	NULL	NULL
2834	DISPENSING	Amount dispensed	Amount dispensed,Amount of drug dispensed,Pills dispensed	Numeric	Question	NULL	NULL	NULL	NULL	11,22,30,39,40,73,83,297,576,613,731,732,733,734,735,736,814,931,932,934,952,969,982,983,984	NULL	0,1,2,3,4,6,9,10,11,12,14,15,18,20,27,28,29,30,31,32,33,34,35,36,37,38,40,41,42,45,50,54,56,60,63,70,72,76,80,81,82,84,90,92,94,95,100,101,102,104,108,110,111,112,115,120,122,125,126,128,130,134,140,148,150,160,162,163,166,167,168,170,180,200,210,221,222,223,225,230,240,250,270,280,288,300,304,334,340,350,360,430,446,480,690,720,900,3180,6120,6180,9090,9112,9120,12120	NULL	NULL	NULL
8375	DISPENSING	Regimen Category	Regimen Category	N/A	Misc	NULL	NULL	NULL	NULL	NULL	NULL	NULL	NULL	0A,10A,2A,2P,4A,5A,6A,7A,8A,Unknown	NULL
2429	LAB ORDERS	Reason for test	Reason for test,Reason_tested_oth	Text	Question	NULL	NULL	NULL	NULL	NULL	NULL	NULL	NULL	Routine,Targeted	NULL
1282	ART ADHERENCE	Medication orders	Medication orders	N/A	Misc	NULL	656,916,1085	Antiretroviral drugs,Co-trimoxazole,INH	Antiretroviral drugs|ARVS|HAART,Co-trimoxazole|Cotrimoxazole|CPT|Septrin|Septrin syrup|Tmp/smx|Trimethoprim and sulfamethoxazole,INH|Isoniazid	NULL	NULL	NULL			NULL
2540	ART ADHERENCE	Amount of drug brought to clinic	Amount of drug brought to clinic,Number of mg brought to clinic,Number of tablets brought to clinic	Numeric	Question	NULL	NULL	NULL	NULL	NULL	NULL	0,1,2,3,4,5,6,7,8,9,10,11,12,13,14,15,16,17,18,19,20,21,22,23,24,25,26,27,28,29,30,31,32,33,34,36,38,39,40,44,46,49,50,57,59,60,70,76,80,84,90,112,113,120,138,180,198,1010		,Unknown	NULL
3140	ART ADHERENCE	Reason for missing dose or incorrectly taking medicne	Reason for missing dose or incorrectly taking medicne,Reason for poor medication adherence,Reason for poor treatment adherence	Text	Question	NULL	1065,1066	No,Yes	No|Nono,Yes	NULL	NULL	NULL	NULL	No,Yes	NULL
6987	ART ADHERENCE	Drug order adherence	Drug order adherence,What was the patients adherence for this drug order	Numeric	Question	NULL	NULL	NULL	NULL	11,22,30,39,40,73,83,297,576,731,732,734,735,736,931,932,952,969,982,983,984	NULL	-849,-300,-127,-75,-65,-61,-48,-40,-35,-33,-26,-25,-24,-23,-22,-21,-20,-19,-18,-14,-12,-11,-9,-8,-7,-6,-5,-4,-3,-2,-1,0,1,2,3,4,5,6,7,8,10,11,12,13,15,16,17,18,19,20,21,22,23,24,25,26,27,28,29,30,31,32,33,34,35,36,37,38,39,40,41,42,43,44,45,46,47,48,49,50,51,52,53,54,55,56,57,58,59,60,61,62,63,64,65,66,67,68,69,70,71,72,73,74,75,76,77,78,79,80,81,82,83,84,85,86,87,88,89,90,91,92,93,94,95,96,97,98,99,100,101,102,103,104,105,106,107,108,109,110,111,112,113,114,115,116,117,118,119,120,121,122,123,124,125,126,127,128,129,130,131,132,133,134,135,136,137,138,139,140,141,142,143,144,147,148,149,150,151,152,153,154,155,156,157,158,160,161,162,163,164,167,168,169,173,174,176,178,179,180,182,183,184,185,188,189,190,191,192,193,194,195,196,197,199,200,201,202,203,205,206,207,208,210,212,215,219,223,224,227,231,234,240,242,243,245,250,251,255,256,258,261,265,268,273,276,277,293,300,304,305,306,321,326,327,329,330,331,333,338,359,378,400,409,414,416,420,425,429,450,479,502,560,579,600,677,2000,2725,2925,3000,4222,5753,765	,%	%,-3%,-6%,0%,1%,10%,100%,101%,102%,103%,104%,105%,106%,107%,108%,1083%,109%,11%,110%,111%,112%,1125%,113%,114%,115%,117%,118%,119%,12%,120%,121%,125%,127%,129%,13%,130%,132%,133%,134%,135%,136%,137%,138%,14%,141%,142%,143%,145%,15%,150%,151%,154%,155%,156%,158%,159%,16%,169%,17%,18%,180%,181%,182%,19%,194%,196%,197%,2%,20%,21%,214%,22%,228%,23%,24%,25%,261%,27%,28%,29%,3%,30%,300%,3000%,310%,3167%,32%,33%,333%,35%,37%,375%,39%,4%,40%,41%,414%,42%,429%,43%,457%,46%,47%,478%,49%,5%,50%,51%,52%,53%,54%,55%,56%,57%,58%,6%,60%,62%,63%,64%,640%,65%,66%,67%,68%,69%,7%,70%,71%,73%,74%,75%,76%,77%,78%,79%,8%,80%,81%,82%,83%,84%,85%,86%,87%,88%,89%,9%,90%,91%,92%,93%,94%,95%,96%,97%,98%,99%	NULL
1811	EXIT FROM HIV CARE	&#8201;REASON PATIENT EXITED CARE&#8201;	&#8201;REASON PATIENT EXITED CARE&#8201;,Reason for exiting care	Coded	Question	NULL	1579,1742,1744	Died,Patient transferred out,Treatment stopped	Died|Patient died,Patient transferred out,Treatment stopped	NULL	NULL	NULL	NULL	NULL	NULL
3003	EXIT FROM HIV CARE	Transfer out destination	Transfer out destination,Transfer out site,Transfer out to,Transfer out to location,Transfer to	Text	Question	NULL	NULL	NULL	NULL	NULL	NULL	1,2,5,6,7,70,140,148,242,359,374,499,600,603,622,689,693,696,706,713,784,785,786,841,857,984,1021,1049	NULL	NULL	NULL
6313	EXIT FROM HIV CARE	Patient tracking state	Patient tracking state	N/A	Workflow	NULL	NULL	NULL	NULL	NULL	NULL	13,25,28,30,33,42,50,58,59,64,65,71,77,81,83,91,93,95,105,107,110,112,115,119,123,124,139,140,142,146,151,155,157,163,164,171,173,176,178,192,194,196,205,213,220,222,223,228,235,236,240,249,252,271,278,298,299,300,306,307,310,316,317,319,324,327,333,335,336,344,345,351,354,357,359,362,373,385,386,387,392,393,404,408,409,410,421,423,426,431,441,442,443,444,445,447,450,461,462,465,467,473,476,478,479,485,489,497,501,502,503,518,519,528,539,545,550,553,559,565,566,573,577,581,583,587,591,609,615,617,620,623,624,629,638,640,643,644,653,667,668,669,670,679,680,682,689,696,699,700,702,710,716,719,721,725,726,731,739,742,746,758,759,760,761,775,778,779,791,792,794,798,801,808,810,811,812,821,825,830,831,833,838,839,840,849,851,853,857,861,864,874,877,882,890,893,895,896,898,905,906,923,924,927,930,933,939,940,942,950,954,956,958,960,977,979,984,985,986,995,1002,1004,1009,1014,1015,1018,1025,1027,1029,1037,1041,1042,1043,1044,1051,1054,1056,1057,1061,1064,1068,1070,1071,1074,1078,1083,1087,1091,1096,1101,1105,1110,11	NULL	NULL	NULL
8519	EXIT FROM HIV CARE	Date of exiting care	Date of exiting care	N/A	Misc	NULL	NULL	NULL	NULL	NULL	2003-01-30 00:00:00,2004-09-09 00:00:00,2004-10-02 00:00:00,2004-10-10 00:00:00,2004-10-23 00:00:00,2004-11-02 00:00:00,2004-11-07 00:00:00,2004-11-14 00:00:00,2004-11-15 00:00:00,2004-11-19 00:00:00,2004-12-04 00:00:00,2004-12-11 00:00:00,2005-01-01 00:00:00,2005-01-02 00:00:00,2005-01-10 00:00:00,2005-02-01 00:00:00,2005-02-05 00:00:00,2005-02-06 00:00:00,2005-02-10 00:00:00,2005-02-12 00:00:00,2005-03-05 00:00:00,2005-03-09 00:00:00,2005-03-18 00:00:00,2005-04-04 00:00:00,2005-04-05 00:00:00,2005-04-07 00:00:00,2005-04-18 00:00:00,2005-05-01 00:00:00,2005-05-04 00:00:00,2005-05-05 00:00:00,2005-05-06 00:00:00,2005-05-10 00:00:00,2005-05-11 00:00:00,2005-05-26 00:00:00,2005-05-30 00:00:00,2005-05-31 00:00:00,2005-06-03 00:00:00,2005-06-09 00:00:00,2005-06-14 00:00:00,2005-06-30 00:00:00,2005-07-02 00:00:00,2005-07-05 00:00:00,2005-07-06 00:00:00,2005-07-18 00:00:00,2005-07-30 00:00:00,2005-08-04 00:00:00,2005-08-05 00:00:00,2005-08-06 00:00:00,2005-08-23 00:00:00,2005-08-30 00:00:00,2005-09-01 00:00:00,2005	NULL	NULL	NULL	NULL
9561	FAST TRACK ASSESMENT	Assess for fast track?	Assess for fast track?,FT assessment	N/A	Test	NULL	1066	No	No|Nono	NULL	NULL	NULL	NULL	NULL	NULL
